Komentar_Bersih,Sentiment,label_encoded
jauh dari tower pemancar,Neutral,1
kalau data seluler dengan indihome jadi cuma masalah kalau trng tidak masuk kantor sabntar di cari bagitu masuk kantor tidak bisa biasanya akses jadi dilema alx sok jarang pakai data seluler,Negative,0
jaringan tidak dapat diandalkan sering mengganggu kegiatan sehari hari,Negative,0
internet di banggai kepulauan masih sangat buruk perlu banyak perbaikan,Negative,0
sangat buruk,Negative,0
kalau cuaca buruk jaringan langsung hilang sama sekali,Negative,0
assalamualaikum warahmatullahi wabarakatuh,Positive,2
selamat sore meminta tolong jaringan capil absen saja tidak bisa dari kemarin,Neutral,1
jaringan sangat lambat pada saat di butuhkan tiba tiba jaringan hilang menyebabkan kegiatan kadangkadang terhambat sehingga harus cari tempat yang jaringannya bagus untuk bisa kerjakan tugas,Negative,0
saya bekerja di pelayanan publik sehingga sangat membutuhkan jaringan sinyal yang stabil dan dalam beberapa waktu terakhir ini jaringan telkomsel sering hilang dan dalam waktu yang lama sehingga menghambat pekerjaan,Negative,0
assalamualaikum,Positive,2
jaringan internet lambat dan hilang total,Negative,0
jaringan di desa kolak itu sangat lambat,Negative,0
assalamualaikum permisi pak dinas pertanian hilang koneksi,Neutral,1
ada beberapa tempat jaringannya lumayan bagus tetapi di tempat saya tinggali sangat lambat jaringannya,Negative,0
bkpsdm lambat,Negative,0
cek,Positive,2
permisi mohon wifi di bagian pbj di periksa alx website lpse banggai kepulauan tidak bisa di buka menggunakan wifi pemerintah daerah kalau data seluler dan indihome boleh sangat menghambat ketika lpse banggai kepulauan tidak bisa di buka di wifi pemerintah daerah,Neutral,1
selamat sore,Neutral,1
assalamualaikum,Positive,2
agar lebih meningkatkan kualitas jaringan internet,Neutral,1
bappeda sok aman terima kasih,Positive,2
disnakertrans hilang jaringan,Neutral,1
jaringan internet didesa bonepuso tidak bisa diakses dan jaringan biasa telepon tidak bisa digunakan hanya untung nama ada tower tetapi tidak bisa digunakan hanya sms saja yang bisa digunakan,Neutral,1
perpustakan nomor internet,Negative,0
pendapat atau keluhan saya kualitas jaringan internet di kabupaten banggai kepulauan belum bisa dikatakan baik karena masih banyak desa desa yang belum ada jaringannya apa lagi jaringan internet yang dimana sekarang sudah sistem digital sekolahsekolah kantor dan masyarakat sangat membutuhkan jaringan internet,Negative,0
cek,Positive,2
nomor internet ya pak,Neutral,1
siap,Positive,2
ada sinyal tetapi tidak bisa digunakan,Neutral,1
sama bagian organisasi juga,Neutral,1
cek,Positive,2
jika lampu padam jaringan telkomsel jadi lambat,Neutral,1
permisi mohon wifi di bagian pbj di periksa alx website lpse banggai kepulauan tidak bisa di buka menggunakan wifi pemerintah daerah kalau data seluler dan indihome boleh sangat menghambat ketika lpse banggai kepulauan tidak bisa di buka di wifi pemerintah daerah,Neutral,1
di wilayah saya terutama di desa bulungkobit sangat susah sinyal bagusnya kadang cuma pada saat malam hari dari jam sore sampai jam pagi setelah itu sudah hilang lagi,Negative,0
jaringan di kabupaten tidak ada,Neutral,1
cek,Positive,2
ya saya hanya berharap pemerintah daerah bisa menangkap aspirasi ini saya cuman berharap agar jaringan di desa saya bisa lancar karena saya sendiri kadang untuk ngerjain tugas sekolah,Neutral,1
tidak ada batas,Positive,2
pemerintah cobalah turun ke lapangan macam di kantor melulu jaringan sini dari dulu jelek,Negative,0
cek,Positive,2
alhamdulillah sudah terkoneksi internet kembali di inspektorat terima kasih,Neutral,1
jaringan aman ya ibu,Positive,2
ok aman terima kasih,Positive,2
cukup baik,Positive,2
kita disini kerja butuh jaringn buat absensi terus kalau ingin skrining bpjs juga harus pakai internet,Neutral,1
jaringan tidak stabil bahkan sering hilang apalagi untuk akses internet sangat susah,Negative,0
kabupaten belum,Negative,0
kualitas standar,Positive,2
kabupaten jaringan lambat,Negative,0
assalamualaikum,Positive,2
sama rs trikora juga,Positive,2
di bulagi sering terjadi signal hilang dan sangat lambat karena sudah terlalu banyak pengguna jaringan sementara tower hanya dan letaknya di kelurahan bulagi sehingga jangkauan jaringan lumayan jauh,Positive,2
jaringan full pulang pergi lambat,Negative,0
disnakertrans lambat sekali,Negative,0
buruk,Negative,0
cek,Positive,2
ok masih sok boleh,Negative,0
kualitas jaringan masih sering lambat apalagi mengakses internet ini masih sering terjadi di tempat sayaada beberapa tempat yang lancar sinyal tetapi di beberapa tempat sama sekali tidak bisa mengakses internet terutama di rumah saya jaringan sangat sangat lambat,Negative,0
cek,Positive,2
cek,Positive,2
untuk operator telkomsel jika menggunakan jaringan enggak masih sangat lambat,Neutral,1
assalamualaikum jaringan dinas sosial lambat sekali,Negative,0
cek,Positive,2
mohon maaf atas ketidak nyamanan nya bapakibu,Negative,0
semua ini jaringan sulit di bagian organisasi juga mengalami hal yang sama,Negative,0
jaringan ngeleg banget mana menonton youtube saja muter muter padahal cuman resolusi,Negative,0
tolong lah dibenerin jaringan nya karena saya sering menggunakan jaringan internet di malam hari untuk kerjain tugas sekolah bahkan ngelek ngelek begini,Negative,0
menunggu pak masih dalam pengecekan dari tim sebelah,Neutral,1
jaringan lambat di saat jam kerja yang banyak menggunakan jaringan internet,Neutral,1
cek lagi,Neutral,1
selamat pagi,Neutral,1
cek,Positive,2
ons cek,Neutral,1
sangat bagus dan jarang terjadi gangguan,Positive,2
selamt pagi minta tolong jaringan capil lambat,Neutral,1
sangat buruk layanan internet di kabupaten banggai kepulauan sudah di luar batas kewajaran apalagi di saat musin hujan kondisi makin seram dan parah,Negative,0
jaringan di kabupaten tidak ada,Neutral,1
perpustakaan juga nomor internet,Neutral,1
asslamulaikum minta tolong jaringan depan ruang wakil bupati tidak ada koneksi dari kemarin,Neutral,1
beberapa tempat di kota salakan kurang maksimal dalam mengakses internet hingga sama sekali tidak dapat di aksessebagai contoh tempat di area kantor catatan sipil apa bila tidak di bantu menggunakan wifi maka sama sekali tidak dapat menjangkau internet sama sekali,Negative,0
oke atau mungkin pengguna yang sudah terlalu banyak,Negative,0
perpustakaan sudah kak terima kasih,Positive,2
masih terbilang baik cuma kalau bisa jangan cuma di jam sibuk,Negative,0
cek,Positive,2
jaringan yang ada dikabbangkep khususnya daerah lolantang masih kurang memadai dan jaringan biasa hilang tiba serta jaringan lambat atau lambat sehingga kita yang kerja di kantor biasa lambat kirim data disebabkan bukan karena pekerjaan kita atau data kita belum lengkap tetapi jaringan yang tidak baik,Negative,0
cek,Positive,2
selamat pagi izin menginformasikan perpustakaan nomor internet,Neutral,1
oke,Positive,2
cek,Positive,2
selamat pagi izin informasikan perpustakaan tidak ada koneksi internet,Neutral,1
meminta tolong capil tidak koneksi internet,Neutral,1
selamat pagi jaringan capil juga hilang koneksi,Neutral,1
aman,Negative,0
masih sama,Negative,0
assalamualaikum,Positive,2
sering lambat semoga kedepan lebih bagus apalagi kalau kerja,Positive,2
cek,Positive,2
disnakertrans hilang jaringan,Neutral,1
terimkasih,Positive,2
cek,Positive,2
permisi jaringan capil juga lambat,Negative,0
sinyal sering hilang meskipun berada dekat tower,Negative,0
silahkan cek,Neutral,1
masih,Negative,0
menurut pandangan saya bahwa kualitas jaringan internet ataupun jaringan telkomsel yang ada di desa kami desa osan sudah tidak stabil dilapangan meskipun pada faktanya enggak akan tetapi tidak bisa mengakses internet ini adalah sebuah masalah besar yang seringkali menghambat aktivitas masyarakat,Negative,0
sama rs trikora juga,Positive,2
cek,Positive,2
semua ini jaringan sulit di bagian organisasi juga mengalami hal yang sama,Negative,0
tiba tiba hilang jaringan telkomselbyu,Neutral,1
sama rs trikora juga,Positive,2
asslamualikum,Positive,2
jaringan di desa saya sangat jelek tidak bisa di pergunakan untuk menelpon biasa jaringan internetnya sering hilang dan sangat lemot lambat,Negative,0
oke,Positive,2
oke terima kasih sudah bisa,Neutral,1
dishub nomor internet,Neutral,1
jaringan nakertrans lambat sekali,Negative,0
masih terbilang baikcmn kalau bisa jangan cuman jaringan telkomsel yang tersediaadakan juga provider lainnya,Positive,2
jaringan lambat hilang timbul,Negative,0
ok sudah terima kasih om,Neutral,1
nakertrans hilang kah,Negative,0
layanan internet perlu peningkatan agar tidak menghambat komunikasi,Neutral,1
cek,Positive,2
cek,Positive,2
lemah susah mengakses internet sering hilang sinyal,Negative,0
iya kak karena dari kemarin begitu terus,Negative,0
dinas lingkungan hidup juga,Neutral,1
cek,Positive,2
cek,Positive,2
assalamualaikum warahmatullahi wabarakatuh,Positive,2
menurut saya jaringan di desa bangunemo harus lebih diperhatikan supaya bisa menjadi lebih baik lagi karena ketika saya kehabisan paket kuota internet maka saya harus pergi membuat paket kuota internet di desa sebelah dikarenakan di desa bangunemo belum bisa mendaftar paket kuota internet,Neutral,1
alat di bidang perbend yang bermasalah wrles menuju perangkat penerima tidak kuat sudah di lakuan riset matikan salah satu enggak tetapi tidak ada perubahan,Neutral,1
assalamualaikum,Positive,2
assalamualaikum dinas sosial hilang koneksi,Neutral,1
ok,Negative,0
asslamualikum,Positive,2
internet di banggai kepulauan masih sangat buruk kecepatannya lambat sekali sering putus putus dan sinyalnya lemahkami meminta pemerintah dan perusahaan internet segera perbaiki masalah ini banggai kepulauan butuh internet yang cepat dan stabil,Negative,0
up juga dishub nomor internet,Neutral,1
ons cek,Neutral,1
sudah,Positive,2
ini lambat sisi mana pak,Negative,0
cek lagi pak,Neutral,1
assalamualaikum,Positive,2
cek,Positive,2
kualitas jaringan di daerah saya cukup memprihatinkan sinyal sering lemah dan putus putus terutama di area pedesaan kecepatan internet juga cenderung lambat membuat aktivitas online menjadi tidak efisien banyak waktu terbuang karena harus menunggu loading atau mengalami gangguan saat melakukan panggilan peningkatan infrastruktur jaringan sangat diharapkan untuk memperbaiki kualitas layanan ini,Negative,0
pak kami ingin menyampaikan bahwa jaringan di bpkad sudah hampir satu bulan ini sering mengalami gangguan dan offline terkait anggaran untuk wifi serta perangkat pendukungnya kami memahami bahwa hal tersebut telah dialihkan ke kominfo oleh karena itu kami berharap adanya dukungan dalam pelayanan jaringan yang optimal demi kelancaran kinerja kami,Neutral,1
assalamualaikum,Positive,2
cek,Positive,2
kualitas jaringan buruk,Negative,0
selamat pagi meminta tolong jaringan capil,Neutral,1
selamat sore meminta tolong jaringan capil absen saja tidak bisa dari kemarin,Neutral,1
cek,Positive,2
menunggu pak masih dalam pengecekan dari tim sebelah,Neutral,1
permisi jaringan capil juga lambat,Negative,0
lambat,Negative,0
capil juga nomor konekasi internet,Neutral,1
assalamualaikum warahmatullahi wabarakatuh,Positive,2
kalau menonton sering lambat,Negative,0
sinyal hilang saat malam hari sangat mengganggu,Negative,0
jaringan internet sering hilang sinyal lambat,Negative,0
assalamualaikum,Positive,2
jaringan di kabupaten nomor internet,Neutral,1
perikanan juga itu apa kok koneksi,Negative,0
oke,Positive,2
bappeda sok aman terima kasih,Positive,2
cek,Positive,2
oke,Positive,2
bagian tata pemerintah juga,Neutral,1
jaringan internet lambat loding,Negative,0
jaringan sering hilang,Negative,0
pembangunan di kecamatan saya masih sangat tertinggal di bandingkan kecamatan lainnya jadi semoga pemerintah daerah dari bupati bisa melakukan pembangunan yang merata dan kita bisa dapat akses yang sama dengan daerah daerah lainnya,Positive,2
belum,Negative,0
cek,Positive,2
asslamuallaikum dinas pertanian jaringan lambat,Neutral,1
jaringan lambat gangguan saat menelpon mengirim data dalam bentuk dokumen pdf video dan lainnya prosesnya sangat lama,Negative,0
internet sering terputus tanpa alasan jelas,Negative,0
nomor internet ya pak,Neutral,1
assalamualaikum warahmatullahi wabarakatuh,Positive,2
terima kasih,Positive,2
koneksi enggak di daerah saya sangat lambat,Negative,0
assalamulaikum om jaringan satpolpp tidak ada koneksi,Neutral,1
terhubung cuma lambat jaringannya,Negative,0
jaringannya terkadang lambat saja pengin dinas kominfo segera berbenah dan memperbanyak tower tower jaringan,Neutral,1
jaringan sering hilang berjam,Negative,0
bisa di screenshot beserta link yang di akses,Neutral,1
kualitas jaringan di desa saya tergantung tempat tidak semua tempat dapat jaringan jadi tolong di bantu akan tower di desa kami kasihan,Negative,0
jaringan payah tidak bisa untuk video call,Negative,0
router bkpsdm yang mabuk,Negative,0
ons cek,Neutral,1
di desa saya jaringan internet sangat lambat dikarenakan sinyal internet yang belum memenuhi standar pengguna terlalu banyak,Negative,0
lambat nakertrans,Negative,0
assalamulaikum jaringan full pulang pergi lambat,Negative,0
cek,Positive,2
assalamualaikum warahmatullahi wabarakatuh,Positive,2
kalau mati lampu jaringan juga lambat bahkan sampai hilang,Negative,0
jangankan jaringan internet jaringan biasa tidak ada,Neutral,1
jika jaringan hilang pekerjaan jadi tertunda,Negative,0
selamat pagi izin informasikan perpustakaan tidak ada koneksi internet,Neutral,1
jaringan kurang bagus dalam mengakses internet dan juga sering hilang sama sekali,Negative,0
jaringan di beberapa tempat sangat lambat dan biasanya tiba tiba hilang,Negative,0
kabupaten jaringan lambat,Negative,0
assalamualaikum jaringan di kabupaten tidak ada,Neutral,1
jaringan enggak yang sangat lambat seringkali menghalangi pekerjaan,Negative,0
oke,Positive,2
menurut saya jaringan di desa bangunemo harus lebih diperhatikan supaya bisa menjadi lebih baik lagi karena ketika saya kehabisan paket kuota internet maka saya harus pergi membuat paket kuota internet di desa sebelah dikarenakan di desa bangunemo belum bisa mendaftar paket kuota internet,Neutral,1
oke,Positive,2
hilang jaringan total yang mengakibatkan pekerjaan di kantor yang sekarang menggunakan aplikasi menjadi terhambat,Negative,0
capil juga nomor konekasi internet,Neutral,1
jaringan di daerah saya sangatlah susah dimana kami sebagai masyarakat daerah sini dapat mengakses jaringan cuma pada malam hari dan akan di nonaktifkan oleh pemerintah setempat pada siang hari jadi kami memohon kemajuan untuk daerah kami agar jaringan kami dapat di perlancakan berguna kebutuhan kami sebagai masyarakat setempat,Neutral,1
jaringan di daerah kabupaten banggai kepulauan tidak terlalu stabil siang jaringan sangat lambat atau tidak bagus,Negative,0
cukup bagus hanya beberapa daerah di luar kota salakan masih terbilang cukup buruk,Positive,2
tunggu,Negative,0
coba kak fadly pakai internet data mungkin bisa masuk karena saya juga ada beberapa aplikasi yang tidak bisa mnggunakan internet pemerintah daerah,Neutral,1
cek,Positive,2
perpustakan nomor internet,Negative,0
cek,Positive,2
saat listrik padam sinyal juga ikutan lambat,Negative,0
jaringan di desa saya tepatnya di desa bulungkobit hanya aktif pada malam hari sebaliknya di siang hari jaringan di desa saya hilang total,Negative,0
assalamualaikum warahmatullahi jaringan di bagian administrasi pembangunan,Neutral,1
walaupun jaringan jelek kadang kadang tapi sangat menganggu sekali orang lagi main games kadang ping bisa merah kuning jadi semoga ada pembagusan kedepannya,Negative,0
ons cek ibu,Neutral,1
keluhan saya mengenai jaringan internet yang ada di bangkep itu khususnya di desa balayon kecamatan liang buruk sekali apalagi untuk internetan sangat tidak lancar alias lambat bahkan untuk tlfon biasa saja kadang tidak bisa,Negative,0
selamat pagi jaringan capil juga hilang koneksi,Neutral,1
sabar om sementara pengecekan,Neutral,1
masalah di apa pak sudah saya meminta carikan alternatif apa dulu dan besok saya kirimkan apa dari palu pak,Neutral,1
menurut kualitas jaringan internet di kampung masih kurang bagus apalagi pada saat musim hujan mendatang meskipun begitu setidaknya sudah lebih baik dari beberapa tahun kemarin,Positive,2
cek,Positive,2
saat ini trafic padat pak,Negative,0
jaringan agar lebih di tingkatkan kekuatan sinyal,Neutral,1
sangat kurang baik,Negative,0
oke sudah terima kasih,Neutral,1
masih,Negative,0
tidak bagus jaringan tidak stabil,Negative,0
coba cek om,Neutral,1
ok sudah terima kasih,Neutral,1
jaringannya lambat apalagi saat telponan dan semoga kedepannya bisa di perbaiki lebih baik lagi,Negative,0
kualitas jaringan di desa akan kecamatan tinangkung sangat mengecewakan,Negative,0
cek,Positive,2
sudan ons kembali terima kasih,Neutral,1
mohon segera ditindaklanjuti kembali perbaikan wifi di bpkad setelah diperbaiki tadi jaringan hanya bertahan menit sebelum kembali hilang hingga saat ini kondisi ini sangat menghambat pekerjaan kami,Negative,0
jaringan di daerah saya sangatlah buruk tiap hari setiap jam pagi sinyal akan hilang dan kembali lagi di jam sore itupun sering kali pada malam hari sinyal pun ikut hilang sudah tahun sinyal seperti ini hal ini membuat kami kecewa kadang kami sering kali bilang lebih baik tidak ada tower sekalian daripada ada tower tetapi tidak berfungsi dengan baik,Negative,0
sering ngelag kadang tiba tiba sinyal hilang dari batang ke batang,Negative,0
cek,Positive,2
sama bappeda juga te bisa akses sipd,Neutral,1
selamat pagi capil tidak ada koneksi internet,Neutral,1
menurut saya jaringan di sini sangat lambat dan lambat bahkan kadang hilang total,Negative,0
masih,Negative,0
check,Negative,0
jaringan di daerah saya sangatlah susah dimana kami sebagai masyarakat daerah sini dapat mengakses jaringan cuma pada malam hari dan akan di nonaktifkan oleh pemerintah setempat pada siang hari jadi kami memohon kemajuan untuk daerah kami agar jaringan kami dapat di perlancakan berguna kebutuhan kami sebagai masyarakat setempat,Neutral,1
dinas pemuda dan olahraga tidak ada koneksi internet,Neutral,1
kualitas jaringan sangat bagus kalau di desa sambulangan,Positive,2
cek,Positive,2
kualitas jaringan di daerah saya masih buruk sering putus putus,Negative,0
jaringan memuaskan hanya kami pengguna jaringan internet telkomsel yang ada di desa ambelang agar bisa di adakan cadangan mesin genset atau penambahan baterai aktif kali jam biar ada pemadaman tiba tiba dari pln tetapi jaringan telkomsel yang ada di desa kami selalu aktif terus menerus sehingga informasi selalu apdet juga kali jam,Positive,2
selamat pagi meminta tolong jaringan di capil lambat sekali,Neutral,1
disnakertrans hilang jaringan,Neutral,1
perlu ada perbaikan dari provider,Neutral,1
oke mkasi om,Neutral,1
jaringan di desa bangunemo sangat lambat kami sebagai mahasiswa yang berkuliah online sangat membutuhkan jaringan yang bagus untuk memperlancar perkuliahan,Negative,0
aman fik,Negative,0
sudah,Positive,2
beberapa masalah yang sering terjadi adalah koneksi yang tidak stabil kecepatan yang lambat dan seringnya terjadi gangguan,Negative,0
mohon maaf atas ketidak nyamanan nya bapakibu,Negative,0
dari malam senin,Negative,0
tolong di perbaiki towernya,Neutral,1
terima kasih,Positive,2
selalu lambat dan tidak stabil dari waktu ke waktu sejak kejadian gempa palu tidak ada keterangan dari pemerintah sampai saat ini kenapa ada hal tersebut mohon ditindaklanjuti,Negative,0
ons cek,Neutral,1
jaringan yang kadang hilang kadang ada biasa mencari jaringan internet di muka lapangan,Neutral,1
internet jadi tidak stabil ketika banyak orang mengaksesnya,Negative,0
assalamualaikum dinas pertanian jaringan hilang,Neutral,1
sudah,Positive,2
coba cek,Neutral,1
perikanan juga akio,Neutral,1
masih seperti biasa,Neutral,1
jaringan internet didesa bonepuso tidak bisa diakses dan jaringan biasa telepon tidak bisa digunakan hanya untung nama ada tower tetapi tidak bisa digunakan hanya sms saja yang bisa digunakan,Neutral,1
masih belum maksimal di beberapa desa yang ada di bangkep,Negative,0
cek,Positive,2
permisi pak sudah di konfirmasi ke pak cupik tadi besok baru ingin di ganti alat nya bukan jaringan yang bermasalah,Neutral,1
jaringan internet di desa bulungkobit sangat jelek dan sudah setiap hari ini terjadi hal ini sangat membuat keresahan terhadap masyarakat yang memiliki kepentingan mendesak terkait ketidakstabilan jaringan ini sangat menjadi hambatan terutama jika ada keperluan yang sangat mendesak selain itu hal ini juga sangat membuat masyarakat lambat mendapat informasi yang ada di media seiring dengan perkembangan zaman yang semakin medern membuat masyarakat akan banyak kekurangan informasi kesenjangan informasi untuk itu sangat perlu pemerintah harus memperhatikan hal seperti ini kepada setiap daerah yang masih tidak memiliki jaringan yang tidak stabil terkhususnya di desa bulungkobit saya sebagai penduduk setempat sangat merasa tertinggal kita terbelakangi akibat dari jaringan yang tidak selalu memadaihal seperti ini akan sangat berdampak pada kesenjangan teknologi terkhusus kepada generasi muda yang berada di wilayah desa bulungkobit,Negative,0
jaringan internet di tempat kami masih sangat susah sehingga kami sangat lambat untuk menerima informasi,Negative,0
jaringan belum ada masuk untuk desa palabatu ii,Neutral,1
cek,Positive,2
mohon segera ditindaklanjuti kembali perbaikan wifi di bpkad setelah diperbaiki tadi jaringan hanya bertahan menit sebelum kembali hilang hingga saat ini kondisi ini sangat menghambat pekerjaan kami,Negative,0
bisa di screenshot beserta link yang di akses,Neutral,1
ons cek,Neutral,1
kecepatan internet seringkali tidak sesuai dengan paket yang dibeli terutama saat banyak pengguna yang mengakses internet secara bersamaan,Negative,0
jaringan internet sangat lambat kadang hilang,Negative,0
dari dulu ini saya rasa jaringan begini begini melulu e tidak ada perubahan begitu kah,Negative,0
jaringan sangat lambat apalagi kalau mati lampu sumpah lambat sekali,Negative,0
hasil konfirmasi kami dengan pt dewata net,Neutral,1
kalau data seluler dengan indihome jadi cuma masalah kalau trng tidak masuk kantor sabntar di cari bagitu masuk kantor tidak bisa biasanya akses jadi dilema alx sok jarang pakai data seluler,Negative,0
assalamualaikum,Positive,2
jaringan internet telkomsel bakti sering hilang di musim hujan,Neutral,1
siap sama,Positive,2
desa kami sudah memiliki tower jaringan internet tetapi tetap lambat,Neutral,1
sudah baik untuk sebagian wilayah tetapi untuk wilayah perkantoran perlu di tambah karena dengan begitu banyaknya aktivitas maka jaringan juga menjadi lambat,Neutral,1
tunggu,Negative,0
ok sok agak lumayan ini,Neutral,1
iya tetapi sok ada lagi ini,Negative,0
sok bagus tadi tetapi ini ada hilang lagi uang muka wifi,Negative,0
lambat,Negative,0
assalamualaikum,Positive,2
pembangunan di kecamatan saya masih sangat tertinggal di bandingkan kecamatan lainnya jadi semoga pemerintah daerah dari bupati bisa melakukan pembangunan yang merata dan kita bisa dapat akses yang sama dengan daerah daerah lainnya,Positive,2
disnakertrans nomor jaringan,Neutral,1
menurut saya jaringan internet di banggai kepulauan khusus di kota salakan saat ini sudah lebih baik di banding tahun sebelumnya akan tetapi yang menjadi keluhan kami serta masyarakat terkait jaringan internet belum dapat di akses disebagian besar wilayah banggai kepulauan,Negative,0
cek,Positive,2
oke terima kasih sudah bisa,Neutral,1
masih sangat tidak bagus karena kualitas nya tidak stabil,Negative,0
samasama,Positive,2
cek,Positive,2
pendapat saya terkait jaringan internet di daerah saya itu karena bertambah nya jumlah penduduk yang mengakses sehingga mengakibatkan jaringan menjadi lambat sekali,Negative,0
asslamualikum,Positive,2
tidak ada batas,Positive,2
masih,Negative,0
tidak ada sinyal saat cuaca buruk perlu ada perbaikan,Neutral,1
saat lampu padam sinyalpun ikut hilang,Negative,0
tidak ada jaringan xl,Neutral,1
untung nama tinggal di sebelah bangunan tower tetapi lambat,Positive,2
cek lagi,Neutral,1
cek,Positive,2
assalamulaikum om jaringan polpp tidak ada koneksi,Neutral,1
assalamulaikum om minta tolong jaringan satpolpp hilang koneksi,Neutral,1
ok sudah terima kasih,Neutral,1
asslamuallaikum dinas pertanian jaringan lambat,Neutral,1
perikanan juga akio,Neutral,1
masih,Negative,0
mengakses internet lambat dan biasanya gangguan saat menelfon,Negative,0
nakertrans hilang kah,Negative,0
tiba tiba hilang koneksi internet dan waktu untuk sinyal normal kembali sangat lama,Negative,0
mohon bisa di bantu alx sudah hari tidak bisa akses web nih alx kami ada pelatihan yang harus di ikuti,Neutral,1
menurut kualitas jaringan internet di kampung masih kurang bagus apalagi pada saat musim hujan mendatang meskipun begitu setidaknya sudah lebih baik dari beberapa tahun kemarin,Positive,2
cek,Positive,2
bappeda nomor internet akses,Neutral,1
sudah,Positive,2
kualitas jaringan kurang cepat dan sering tidak terhubung,Negative,0
kualitas jaringan di kabupaten banggai kepulauan terutama di desa mansamat biasanya sangat kurang bagus saya perantau dari kabupaten tojo una yang notabene jaringan ditempat tinggal saya sebelumnya bisa dikatakan jauh lebih baik dari pada di tempat saya tinggal sekarang bahkan ketika ada pekerjaan yang masuk diemail saya harus ke dermaga hanya untuk mendapatkan jaringan yang bagus karena jika di akses di rumah jaringan internetnya hampir tidak ada dan juga terkadang jaringan telepon saja masih terlalu kurang bagus,Negative,0
tolong di perbaiki kualitas jaringan internet di bangkep koutanya mahal kualitas internetnya sangat buruk,Negative,0
ssid pemdabangkep yang hilang,Neutral,1
ons cek,Neutral,1
jaringan internetnya agar lebih di tingkatkan kestabilannya dan untuk wilayah tinangkung utara jaringan internet biasanya hilang ketika mati lampu pln,Neutral,1
lambat,Negative,0
lambat sekali jaringan suka tidak stabil,Negative,0
cek,Positive,2
cek,Positive,2
lebih buruk,Negative,0
hanya masker yang tidak bisa,Negative,0
cek,Positive,2
untung nama tinggal di sebelah bangunan tower tetapi lambat,Positive,2
dana desa ini di korupsi nih masa kita bayar pajak tapi jaringan lambat terus macam nih,Negative,0
aman fik,Negative,0
kualitas jaringan internet di wilayah kabupaten banggai kepulauan khususnya wilayah peling tengah desa popisi masih kurang lancar karena disaat para pengguna internet melakukan login di internet itu masih lambat sehingga memperlambat proses untuk komunikasi dan pengiriman data,Neutral,1
masalahnya tower ada tetapi tidak ada sinyal,Negative,0
sangat buruk khususnya desa paisubatu,Negative,0
kualitas jaringan internet yang ada di banggai kepulauan sangat kurang baik sehingga saya pribadi menyarankan kepada pemerintah agar ada tindakan cepat untuk menangani hal tersebut mengingat sekarang mayoritas penduduk di banggai kepulauan ratarata mempunyai handphone dan mereka sangat membutuhkan kualitas jaringan internet yang baik untuk digunakan mohon agar segera di tindakalanjuti terkait masalah ini,Negative,0
masih,Negative,0
untung nama tinggal di sebelah bangunan tower tetapi lambat,Positive,2
jaringan internet khususnya desa tombos masih sangat tidak bagus sering hilang total kalaupun tidak hilang total tapi sangat lambat di bandingkan desa lain apalagi khususnya di musim hujan ini karena di sebabkan jaringan telekomunikasi yang di berikan berupa tower mini yang katanya mengandalkan tenaga surya jadi ketika musim hujan sangat lambat bahkan mati total,Negative,0
kualitas jaringan di banggai kepulauan belum merata masih banyak desa desa yang jaringannya belum bagus seperti jaringan yang ada di desa di pulau akan yaitu desa bulungkobit bungin dan akan sudah setahun lebih jaringan sangat susah diakses terutama pada siang hari dan kadangkadang di malam hari juga jaringannya ada gangguan di pulau akan sendiri untuk listriknya belum jam tetapi sebelum tahun jaringan bagusbagus saja dan bisa diakses walau listrik tidak menyala karena di pulau tersebut sudah ada towernya tetapi di tahun jaringan sudah mulai jelek dan bahkan sekarang sudah sangat parah menurut saya karena banyak sekali gangguannya,Negative,0
masih terbilang baikcmn kalau bisa jangan cuman jaringan telkomsel yang tersediaadakan juga provider lainnya,Positive,2
menurut saya kualitas jaringan yang ada di desa lalong saat ini sudah lumayan baik jika dibandingkan dengan tahuntahun sebelumnya hanya saja terkadang untuk panggilan telepon biasa masih sering terjadi gangguan seperti panggilan tidak masuk dan suara terdengar putus putus saat bicara,Negative,0
sangat lambat,Negative,0
tunggu,Negative,0
sinyal sekarang lebih baik dibanding tahun lalu walapun terkadang lambat di saat jam jam kerja,Positive,2
siap sama,Positive,2
oke,Positive,2
mohon bisa di bantu alx sudah hari tidak bisa akses web nih alx kami ada pelatihan yang harus di ikuti,Neutral,1
sejak di buat tower jaringan dibangunemo tidak pernah jaringannya stabil bahkan pengaduan hanya di anggap angin lalu saja dan tidak ditanggapi dengan serius untuk itu beberapa masukan dilakukan perbaikan sistem pada jaringan bakti didesa bangunemo bila ada keluhan segera ditindaklanjuti,Negative,0
cek,Positive,2
keluhan saya itu biasanya lambat lambat kalau saya menggunakan internet dan juga saat saya menelpon kadang hilang hilang jaringannya,Negative,0
jaringan tidak bisa telepon biasa cek pulsa dan lain sebagainya dan jaringan internet sangat lambat,Negative,0
cek,Positive,2
jaringan di desa bangunemo bulagi utara biasanya dari pagi sampa pukul wita tidak bisa akses internet dan ini sudah terjadi setiap hari,Neutral,1
permisi pak sudah di konfirmasi ke pak cupik tadi besok baru ingin di ganti alat nya bukan jaringan yang bermasalah,Neutral,1
kualitas sinyal lambat dan sering hilang,Negative,0
kabupaten tidak ada jaringan internet,Neutral,1
ok sip sok ada terima kasih,Neutral,1
sangat kecewa dengan jaringan internet kalau siang,Negative,0
sering lambat semoga kedepan lebih bagus apalagi kalau kerja,Positive,2
di wilayah saya terutama di desa bulungkobit sinyal sering hilang,Neutral,1
sudah,Positive,2
aman terima kasih,Positive,2
assalamualaikum permisi pak dinas pertanian hilang koneksi,Neutral,1
kualitas jaringan dikampung saya sangatlah tidak bagus saking susahnya untuk keperluan saya seperti ingin mendaftar online pekerjaanpun harus pergi ke kampung sebelah untuk membuka link pendaftaran serta melakukan pendaftaran ditambah lagi link pendaftaran yang biasanya di akses nanti sekitar jam bahkan sampai jam malam karena pada waktu tersebut link pendaftarannya bisa terbuka,Negative,0
tidak ada batas,Positive,2
assalamulaikum om jaringan polpp begini lagi,Neutral,1
disperindagkopukm tidak bisa connect,Neutral,1
bagian tata pemerintah juga,Neutral,1
tunggu,Negative,0
sudan ons kembali terima kasih,Neutral,1
cek lagi,Neutral,1
semoga cepat di perbaiki,Neutral,1
kualitas jaringan pada tempat saya tinggal ini masih bisa di bilang agak susah karena keberadaan tower yang jauh dari jangkauan dan keseringan mati lampu sehingga tower milik mesin ikut mati,Negative,0
jaringan lambat hilang timbul,Negative,0
kualitas standar,Positive,2
kualitas jaringan sangat bagus kalau di desa sambulangan,Positive,2
keluhan banyak sekali susah berkomunikasi kepada siapapun apalagi kalau kami sebagai naks susah menghubungi keluarga pasien kalau gawat darurat apalagi kalau ada pasien yang di rujuk itu butuh komunikasi yang bagus tetapi di pulo biasanya ini bungin bulungkobit akan itu tidak ada sama sklai jaringan internet jadi mohon di tindak lanjuti bapakibu,Negative,0
kalau sekarang bagaimana ibu,Negative,0
cek,Positive,2
oke,Positive,2
kualitas jaringan di kampung membuat saya emosi karena saya tidak bisa berkomunikasi dengan teman kuliah saya saat ada informasi penting di karenakan jaringan hilang total,Negative,0
untuk operator telkomsel jika menggunakan jaringan data biasanya lebih lambat terutama daerah rsud trikora salakan walau terdapat tower pada lokasi untuk jaringan telkomsel juga kadang waktu menunjukkan jam lebih cepat dari waktu sebenarnya,Neutral,1
cek,Positive,2
cek,Positive,2
perpustakaan juga nomor internet,Neutral,1
tidak stabil dan lambat,Negative,0
satpolpp hilang jaringan,Neutral,1
selamat pagi meminta tolong jaringan di capil lambat sekali,Neutral,1
jaringan enggak yang sangat lambat seringkali menghambat pekerjaan yang harus menggunakan paket datainternet terutama pada kompleks perkantoran di atas pengguna internet harus turun mencari tempat yang tertentu untuk bisa mengakses internet,Neutral,1
oke mantap,Positive,2
jaringan lambat atau lambat ingin pakai telkomsel indosat atau by lu sama saja semua kalau untuk akses internet susah ingin buka wa atau scroll tiktok butuh menit untuk memutar satu video bahkan itu berlangsung lama apalagi saat mati lampu jaringan makin tidak bagus bahkan sampai tidak ada layanan,Negative,0
jaringan lambat biasa hilang total akses internet lambat jaringan ada tetapi tidak bisa menelfon biasa bisa menelfon tetapi tidak jelas suara chat lama terkirim biasa juga gagal terkirim efek jaringan ini sangat berdampak pada kehidupan masyarakat yang saat ini sudah sebagian besar mengarah ke digitalisasi,Negative,0
oke,Positive,2
perpustakaan sudah aman kak terima kasih,Positive,2
perlu diperbaharui suka lambat jaringan,Negative,0
disnakertrans hilang jaringan,Neutral,1
jaringan full pulang pergi lambat,Negative,0
jaringan di dispora lambat mohon ditindaklanjuti,Neutral,1
terimkasih,Positive,2
cek,Positive,2
cek om,Neutral,1
jaringan ke capil juga terpantau jalan,Neutral,1
cek,Positive,2
buruk,Negative,0
link utama kembali terpantau normal,Neutral,1
tidak bisa sama sekali menggunakan akses jaringan dari pagi samapi sore jam sehingga mengakibatkan sulit menjalankan tugas aktivitas di sekolah dan hal pribadi yang penting sulit lu mendapatkan informasi dari keluarga,Negative,0
oke sudah terima kasih,Neutral,1
sangat buruk karena sering error,Negative,0
sudah okee terima kasih,Neutral,1
router bkpsdm yang mabuk,Negative,0
jaringan internet tidak merata hanya di bagian pantai saja yang ada,Negative,0
cek,Positive,2
disnakertrans nomor jaringan,Neutral,1
assalamualaikum warahmatullahi wabarakatuh tolong admin masukkan dalam group operator dinas sosial,Neutral,1
cek,Positive,2
kalau sekarang bagaimana ibu,Negative,0
assalamualaikum warahmatullahi jaringan di bagian administrasi pembangunan,Neutral,1
asslamulaikum minta tolong jaringan depan ruang wakil bupati tidak ada koneksi dari kemarin,Neutral,1
coba cek om,Neutral,1
masih seperti biasa,Neutral,1
hanya masker yang tidak bisa,Negative,0
oke,Positive,2
saat telponan jaringan tertahan tahan bersamaan video suara terputus putus,Negative,0
masih,Negative,0
belum bisa di bilang bagus karena masih sering hilang jaringan,Negative,0
sering hilang total,Negative,0
jaringan di lokasi tempat tinggal saya memiliki kualitas jaringan yang buruk setiap saat yang mana mengganggu kualitas pengalaman saya dalam menggunakan jaringan ini,Negative,0
semoga cepat terselesaikan masalah jaringn apalagi di daerah pelosok,Positive,2
assalamualaikum dinas sosial hilang koneksi,Neutral,1
permisi mohon wifi di bagian pbj di periksa alx website lpse banggai kepulauan tidak bisa di buka menggunakan wifi pemerintah daerah kalau data seluler dan indihome boleh sangat menghambat ketika lpse banggai kepulauan tidak bisa di buka di wifi pemerintah daerah,Neutral,1
buruk,Negative,0
cek,Positive,2
sangat buruk,Negative,0
susah signal,Negative,0
cek and ricek,Neutral,1
cek,Positive,2
assalamualaikum warahmatullahi jaringan di bagian administrasi pembangunan,Neutral,1
jaringan ke capil juga terpantau jalan,Neutral,1
jaringannya lambat macam tahi telkomsel berbenah lah jaringan mu,Negative,0
terkadang jaringan internet hilang atau lambat ketika mati lampu,Negative,0
buruk sekali tolong di perbaiki agar supaya masyarakat bisa terbantu,Neutral,1
kurang memuaskan,Negative,0
ok sok agak lumayan ini,Neutral,1
jaringan sering hilang total sehingga membuat akses kita ke internet dan tlfon harus tertunda,Neutral,1
masih sama,Negative,0
menurut saja aman saja sih saat ini di pagi hingga malam jam dan jadi menurut sudah bagus jaringan di salakan,Positive,2
jaringan telkomsel sangat lambat di daerah saya membuat frustrasi,Negative,0
jaringan disini tidak baik nanti di tempat tempat tertentu baru ada jaringannya dan itupun biar ada tetapi masih saja tidak bagus selalu koneksi lambat saat telfonan atau menonton intinya jaringan di desa bangunemo masih kurang baik,Negative,0
bkpsdm lambat,Negative,0
sudah lumayan baik hanya sering hilang kalau mati lampu saja dengan masih ada spot yang kurang bagus signal,Negative,0
oke sudah terima kasih fik,Neutral,1
jaringan sering hilang dan jaringan lambat alias lambat,Negative,0
jangankan jaringan internet jaringan biasa tidak ada,Neutral,1
di perbaiki,Neutral,1
assalamualaikum warahmatullahi wabarakatuh,Positive,2
setiap siang hari di desa bulungkobit tidak ada jaringan internet maupun telepon,Neutral,1
assalamualaikum,Positive,2
jaringan sering bermasalah di waktu waktu tertentu apalagi di saat cuaca kurang baik misalnya hujan deras atau berangin,Negative,0
pendapat saya mengenai kualitas jaringan internet di kabupaten banggai kepulauan sejauh ini memang sangat kurang memadai kita bisa lihat ada beberapa desa di banggai kepulauan yang masih sulit menggunakan jaringan internet mereka harus pergi kedesa lain agar bisa mengakses jaringan internet,Negative,0
cek,Positive,2
oke sudah aman,Positive,2
sering lambat semoga kedepan lebih bagus apalagi kami di daerah rsud sulit sekali jaringan jika ingin berkoordinasi dengan orang lain,Negative,0
sinyal sering sekali hilang dan kadang perlu di titik lokasi tertentu untuk mendapatkan sinyal,Negative,0
untuk jaringan bgian tompudau khususnya bagian rsud salakan belum terlalu bagus lambat sekali,Negative,0
ok aman terima kasih,Positive,2
asslamualikum,Positive,2
cek,Positive,2
oke mantap,Positive,2
assalamualaikum,Positive,2
sudan ons kembali terima kasih,Neutral,1
ok sok boleh,Negative,0
cek,Positive,2
belum bisa,Negative,0
cek,Positive,2
sangat tidak baik tidak bagus,Negative,0
cek,Positive,2
sangat lambat,Negative,0
ok masih sok boleh,Negative,0
disnakertrans lambat sekali,Negative,0
perpustakaan sudah aman kak terima kasih,Positive,2
assalamualaikum warahmatullahi wabarakatuh,Positive,2
aman,Negative,0
cek,Positive,2
cek,Positive,2
selamat pagi izin menginformasikan jaringan perpustakaan lambat,Neutral,1
assalamualaikum,Positive,2
jaringan yang lambat karena desa pondingponding mengambil jaringan melalui tower desa tatakalai yang dimana tower tersebut digunakan desa yaitu desa ponding tatakalai luksagu,Neutral,1
link utama kembali terpantau normal,Neutral,1
cek,Positive,2
jaringan hilangdan lambat,Negative,0
desa kami sudah memiliki tower jaringan internet tetapi sampai saat ini kami masih merasakan kekurangan jaringan internet yang di sebabkan pelayanannya hanya bisa di malam hari kalau pagi sampai sore mati total hanya bisa mengakses dari salakan tetapi itu kami ke pesisir pantai untuk cari jaringan,Negative,0
lambat kadang hilang jaringan,Negative,0
masalah di apa pak sudah saya meminta carikan alternatif apa dulu dan besok saya kirimkan apa dari palu pak,Neutral,1
sangat buruk jaringannya,Negative,0
jaringan nakertrans lambat sekali,Negative,0
aman terima kasih,Positive,2
assalamulaikum om minta tolong jaringan satpolpp hilang koneksi,Neutral,1
jaringan pariwisata tidak ada jaringan,Neutral,1
jaringan sering hilang mengganggu proses belajar online saya,Negative,0
aman,Negative,0
assalamualaikum,Positive,2
ons cek ibu,Neutral,1
jaringan di peling tengah terutama di desa patukuki sering lambat jaringannya,Neutral,1
perpustakaan sudah aman kak terima kasih,Positive,2
cek,Positive,2
cek,Positive,2
jaringan data ini sangat lambat dan lambat akibatnya siswa yang menggunakan internet sebagai referensi pembelajaran menjadi terhambat dan hanya terfokus pada buku cetak saja,Negative,0
cek,Positive,2
assalamualaikum warahmatullahi wabarakatuh,Positive,2
jaringan internet hanya dapat digunakan dengan sangat terbatas,Neutral,1
assalamualaikum,Positive,2
untung nama tinggal di sebelah bangunan tower tetapi tetap lambat,Positive,2
di bulagi sering terjadi signal hilang dan sangat lambat karena sudah terlalu banyak pengguna jaringan sementara tower hanya dan letaknya di kelurahan bulagi sehingga jangkauan jaringan lumayan jauh,Positive,2
kualitas jaringan internet di daerah saya dapat di bilang cukup baik namun ada kalanya juga jaringan hilang total dan yang sangat sering terjadi itu jaringan nya lambat,Negative,0
oke sudah aman,Positive,2
sangat buruk,Negative,0
assalamualaikum,Positive,2
kualitas standar,Positive,2
assalamualaikum,Positive,2
menurut saya jaringan yang ada di desa patukuki itu kurang baik semenjak di jadikan sebagai jaringan enggak,Negative,0
bandwidth sangat terbatas membuat sulit bekerja,Negative,0
cek,Positive,2
lemah susah mengakses internet sering hilang jaringan internet,Negative,0
ons cek,Neutral,1
selamat pagi izin menginformasikan perpustakaan nomor internet,Neutral,1
jaringan di desa bulungkobit sangat sangat burukjaringan di desa ini di pagi hari dari jam hilang totalkami yang ada di desa tersebut sangat kesulitan,Negative,0
bagian lambat nya mana pak,Negative,0
jaringan di kampung saya sangat lambat,Negative,0
jaringan di kabupaten nomor internet,Neutral,1
assalamualaikum,Positive,2
kualitas melalui provider kurang baik sehingga harus menggunakan sambungan jaringan melalui wifi,Negative,0
pembangunan di kecamatan saya masih sangat tertinggal di bandingkan kecamatan lainnya jadi semoga pemerintah daerah dari bupati bisa melakukan pembangunan yang merata dan kita bisa dapat akses yang sama dengan daerah daerah lainnya,Positive,2
baik,Positive,2
perikanan juga itu apa kok koneksi,Negative,0
perpustakaan sudah aman kak terima kasih,Positive,2
kabupaten belum,Negative,0
disnakertrans hilang jaringan,Neutral,1
jaringan yang ada di wilayah saya selalu bermasalah karena hanya menggunakan tenaga surya selalu batery lemah,Negative,0
menurut saya kualitas jaringan di desa kami sangatburuk bahkan masyarakat sampai harus bersusah payah mencari jaringan di pinggir pantai untuk mengakses internet bahkan mencari informasi padahal tower sudah ada tetapi tidak berfungsi dengan baik,Negative,0
assalamualaikum,Positive,2
oke,Positive,2
assalamualaikum,Positive,2
sering lambat atau lambat saat membuka atau mendownload file,Negative,0
jaringan telepon hilang hilang dan jaringan internet lambat kadangkala hilang jaringan internet,Negative,0
selamat siang perpustakaan nomor internet,Neutral,1
sungguh tidak bagus sekali,Negative,0
jaringan aman ya ibu,Positive,2
assalamualaikum,Positive,2
assalamualaikum,Positive,2
lakukan pemantauan secara berkala,Neutral,1
mati total kalau mati lampu,Negative,0
tidak bisa sama sekali mengakses jaringan internet pagi sampai sore hari sementara kami seorang guru sangat memerlukan jaringan karena biasanya ada kegiatan zoom dan banyak tugas guru juga yang menggunakan jaringan serta kegiatan pembelajaran peserta didik di sama negeri tinangkung yang menggunakan jaringan internet tidak bisa akses sama sekali,Negative,0
oke,Positive,2
sama rs trikora juga,Positive,2
cek,Positive,2
selamat pagi izin menginformasikan perpustakaan nomor internet,Neutral,1
tiba tiba hilang jaringan telkomselbyu,Neutral,1
dinas pemuda dan olahraga lambat jaringan,Neutral,1
jaringan internet agak lambat,Negative,0
kualitas jaringan internet sangat tidak baiklemot,Negative,0
cek,Positive,2
tidak bisa sama sekali untuk kita mengakses internet di pagi sampai sore hari apalagi saya pribadi sebagai seorang pendidik merasa sangat terhambat dalam kegiatan proses belajar mengajar yang dimana biasanya kami seringkali dikaitkan dengan harus menggunakan jaringan internet saya pribadi maupun untuk semua peserta didik khusus sekolah sama negeri tinangkung yang terletak di desa bulungkobit,Negative,0
terimkasih,Positive,2
lebih diperhatikan lagi tentang jaringan yang hilang di waktuwaktu sibuk,Negative,0
jaringan internet lambat hampir setiap hari kami yang sebagian anak rantau setengah mati untuk melakukan komunikasi dengan keluarga di kampung,Negative,0
di waktu siang hari sampai sore sering banget ngeleg apa e niat ingin ingin untuk games kadang ping tinggi banget,Negative,0
selamat pagi meminta tolong jaringan capil,Neutral,1
tower yang ada di wilayah hanya sebagai tower mini sehingga tidak bisa melayani masyarakat desa yang ada di wilayah kami karena pengguna jaringan lebih besar dari pada tower mini ini kapasitas internet lambat di saat kami dan ketika kami punxa keperluas yang sistem kirim data tidak bsq di gunakan apa lagi sudah buka leptop,Negative,0
lambat,Negative,0
kualitas jaringan kurang baik,Negative,0
sama bagian organisasi juga,Neutral,1
terlalu lemah jaringan di wilayah bulagi selatan,Negative,0
ons cek,Neutral,1
cek,Positive,2
pendapat saya untuk kualitas jaringan di banggai kepulauan ini perlu ditingkatkan lagi jaringan selulernya terkadang kalau menelpon tanpa data seluler biasanya hilang suara atau tidak kedengaran kalau tentang jaringan data seluler sudah lumayan bagus tetapi ada jam jam tertentu biasanya sangat lambat apalagi kalau mati lampu ya sangat lambat sekali,Negative,0
meminta tolong capil tidak koneksi internet,Neutral,1
oke,Positive,2
ok aman terima kasih,Positive,2
sudah,Positive,2
jaringan di wilayah ini sangat buruk,Negative,0
sudah,Positive,2
cek,Positive,2
bappeda sok aman terima kasih,Positive,2
assalamualaikum,Positive,2
assalamualaikum jaringan wifi bappeda juga hilang sementara ada saling buka sipd,Neutral,1
cek,Positive,2
mohon perbaikan tower telekomsel yang tidak berfungsi lagi,Neutral,1
jaringan internet lambat dan kalau saling telepon suara timbul tenggelam,Negative,0
baik,Positive,2
jaringan pariwisata tidak ada jaringan,Neutral,1
untuk akses internet di daerah saya jaringan sangat terbatas,Neutral,1
jaringan agak lebih baik jika pakai wifi tetapi kalau pakai data seluler sangat lambat tidak bisa menonton youtube atau akses video,Negative,0
khususnya di daerah saya tepatnya di desa mata jaringannya seringkali bermasalah jaringan kadang putus menyambung kecepatan internet yang lambat sehingga tidak dapat mengakses internet sama sekali bahkan untuk mengirimmenerima pesan saja membutuhkan waktu yang cukup lama keluhankeluhan ini tentunya sangat mengganggu aktivitas sehari hari terutama bagi masyarakat yang bergantung pada internet untuk bekerja belajar atau berkomunikasi dengan keluarga,Negative,0
masih terbilang baikcmn kalau bisa jangan cuman jaringan telkomsel yang tersediaadakan juga provider lainnya,Positive,2
cek,Positive,2
alhamdulillah sudah terkoneksi internet kembali di inspektorat terima kasih,Neutral,1
jaringan kadang hilang walaupun cuaca baik apalagi cuaca buruk,Negative,0
assalamualaikum,Positive,2
assalamualaikum jaringan di dinas pertanian lambat,Neutral,1
disnakertrans nomor jaringan,Neutral,1
cek,Positive,2
meminta tolong jaringan internet di inspektorat tidak terkoneksi dengan baik,Neutral,1
kualitas jaringan internet telkomsel di banggai kepulaun khususnya tempat tinggal saya di desa baka kurang baik internetnya sangat lambat kualitas sinyalnya juga kurang bagus,Negative,0
jaringan sangat lambat,Negative,0
mohon bisa di bantu alx sudah hari tidak bisa akses web nih alx kami ada pelatihan yang harus di ikuti,Neutral,1
ok sip sok ada terima kasih,Neutral,1
sinyal sering turun sangat mempengaruhi kegiatan saya,Negative,0
cek,Positive,2
cek,Positive,2
saya sering mengalami masalah koneksi internet telkomsel terutama saat jam sibuk,Neutral,1
disnakertrans pun demikian,Neutral,1
masih terdapat blank spot,Neutral,1
cek,Positive,2
oke sudah aman,Positive,2
assalamualaikum,Positive,2
cek,Positive,2
sangat bagus dan jarang terjadi gangguan,Positive,2
menurut kualitas jaringan internet di kampung masih kurang bagus apalagi pada saat musim hujan mendatang meskipun begitu setidaknya sudah lebih baik dari beberapa tahun kemarin,Positive,2
cek,Positive,2
cek,Positive,2
aman,Negative,0
jaringan sering terputus di beberapa titik di desa saya,Negative,0
jaringan tidak bagus sekali,Negative,0
kabupaten tidak ada jaringan internet,Neutral,1
aman,Negative,0
menunggu pak masih dalam pengecekan dari tim sebelah,Neutral,1
jaringan dengan kualitas yang buruk dapat menghambat pekerjaan yang menggunakan akses internet,Negative,0
cek,Positive,2
pembangunan tower batas bakti sangat membantu kami mengakses internet,Positive,2
cek,Positive,2
jaringan lambat hilang timbul,Negative,0
sudah,Positive,2
jaringan internet didaerah saya sering hilang dan lama sekali jaringan bisa di gunakan kembali,Negative,0
siap,Positive,2
ons cek,Neutral,1
cek,Positive,2
cek,Positive,2
internet tidak stabil terutama di siang hari,Negative,0
selamat sore meminta tolong capil tidak ada koneksi internet,Neutral,1
assalamulaikum om jaringan satpolpp tidak ada koneksi,Neutral,1
sinyal sekarang lebih baik dibanding tahun lalu walapun terkadang lambat di saat jam jam kerja,Positive,2
kualitas kurang,Negative,0
akses kemana yang lambat ibu,Negative,0
cek,Positive,2
tidak ada batas,Positive,2
cek,Positive,2
assalamualaikum warahmatullahi jaringan di bagian administrasi pembangunan,Neutral,1
jaringan internet di daerah saya khususnya di banggai kepulauan sering tidak stabil sinyalnya sangat tidak bagus terutama saat pagi hari dan ketika cuaca buruk hal ini cukup mengganggu terutama untuk keperluan belajar atau bekerja secara online,Negative,0
cek,Positive,2
ons cek,Neutral,1
harapannya ke depan ada tambahan tower untuk memperbaiki sinyal,Neutral,1
ok,Negative,0
masih,Negative,0
kualitas jaringan di kampung membuat saya emosional karena sering tidak stabil,Negative,0
jaringan sering hilang sehingga kami yang bekerja di instansi pemerintah yang setiap hari mengirimkan laporan menggunakan jaringan internet sering terhambat,Negative,0
disnakertrans lambat sekali,Negative,0
cek,Positive,2
wifi lokal juga sering tidak stabil membutuhkan perhatian lebih,Negative,0
pendapat khususnya pribadi saya agar petugas perusahaan agar selalu mengontrol akses jaringan yang ada dkab bangkep ini khusnya di desa binuntuli agar kami terlayani dengan pelayanan jaringan yang lebih baik lagi,Neutral,1
oke terima kasih sudah bisa,Neutral,1
sinyal buruk sinyal hilang total sinyal jelek saya seringkali merasa bosan karena tidak bisa bermain sosial media ketika jaringan sedang gangguan,Negative,0
disnakertrans pun demikian,Neutral,1
cek,Positive,2
disnakertrans hilang jaringan,Neutral,1
assalamualaikum,Positive,2
saya berharap ada peningkatan kualitas jaringan internet di desa saya,Neutral,1
kualitas jaringan yang ada di kampung saya sangat tidak bagus siang tidak ada sama sekali jaringan malam jaringan lambat bila ada keperluan mendesak seperti kesehatan susah menghubungi karena terhalang jaringan,Negative,0
masih,Negative,0
karena keterbatasan akses jaringan memperlambat akses dalam kegiatan dunia digitalisasi,Neutral,1
bappeda sok aman terima kasih,Positive,2
kualitas jaringan sangat buruk untuk telepon atau sms juga kadang tidak bisa,Negative,0
cek,Positive,2
semoga ada perbaikan jaringan disini,Neutral,1
aman,Negative,0
dari malam senin,Negative,0
kualitas jaringan di bangkep sangat jelek apalagi di kompleks saya dalam rumah jaringan punya jelek sekali lambat lambat pagi sampai malam kalau tengah agak bagus jaringannya,Negative,0
terhubung cuma lambat jaringannya,Negative,0
untuk operator telkomsel jika menggunakan jaringan enggak masih sangat lambat,Neutral,1
jaringan di dispora lambat mohon ditindaklanjuti,Neutral,1
jaringan sangat lambat apalagi kalau mati lampu,Negative,0
internet sering macet apalagi saat musim hujan,Negative,0
admin,Negative,0
jaringan di kabupaten nomor internet,Neutral,1
jaringan lambat banget semoga ada cepat perbaikan jaringan begitu,Negative,0
oke sudah aman,Positive,2
kualitas buruk,Negative,0
ok sip sok ada terima kasih,Neutral,1
oke terima kasih sudah bisa,Neutral,1
jaringan memuaskan hanya kami pengguna jaringan internet telkomsel yang ada di desa ambelang agar bisa di adakan cadangan mesin genset atau penambahan baterai aktif kali jam biar ada pemadaman tiba tiba dari pln tetapi jaringan telkomsel yang ada di desa kami selalu aktif terus menerus sehingga informasi selalu apdet juga kali jam,Positive,2
jaringan tidak bagus,Negative,0
sangat jelek,Negative,0
jaringan di desa kami tidak sama dengan yang dulu yang bagus jaringan lancar sekarang jaringan tidak bagus sama sekali dari tahun sampai sekarang jaringan tidak ada perbaikan,Negative,0
perpustakaan sudah kak terima kasih,Positive,2
assalamualaikum dinas sosial hilang koneksi,Neutral,1
aman terima kasih,Positive,2
jaringan hilang total saat terjadi pemadaman listrik lebih dari jam,Neutral,1
parah,Negative,0
assalamualaikum,Positive,2
nanti informasi kalau muncul kembali lagi,Neutral,1
hilang jaringan terus,Negative,0
cek,Positive,2
cek,Positive,2
assalamualaikum jaringan dinas sosial lambat sekali,Negative,0
koneksi internet yang lambat sangat mengganggu pekerjaan saya,Negative,0
aman,Negative,0
mohon di perbaiki tower telkomselnya yang tidak berfungsi lagi,Neutral,1
pemeliharaan instalasi jaringan dalam pemerintah di kantor bpkad,Neutral,1
coba kak fadly pakai internet data mungkin bisa masuk karena saya juga ada beberapa aplikasi yang tidak bisa mnggunakan internet pemerintah daerah,Neutral,1
bappeda nomor internet akses,Neutral,1
jaringan internet agak lambat,Negative,0
assalamulaikum om jaringan polpp tidak ada koneksi,Neutral,1
siap sama,Positive,2
assalamualaikum dinas sosial hilang koneksi,Neutral,1
sinyal yang lambat sangat mengganggu saat video call,Negative,0
belum,Negative,0
full pulang pergi nomor internet,Neutral,1
perpustakaan sudah aman kak terima kasih,Positive,2
coba cek,Neutral,1
menurut saya jaringan yang sekarang kami rasakan sangat tidak bagus di gunakan di karenakan dalam mengakses internet dan menelfon sangat buruk,Negative,0
kecepatan internet lumayan lambat,Negative,0
sudah,Positive,2
perpustakaan sudah aman kak terima kasih,Positive,2
kalau di desa palam tidak ada jaringan,Neutral,1
sudah,Positive,2
kecepatan internet perlu ditingkatkan agar tidak mengganggu produktivitas,Neutral,1
kualitas sinyal yang buruk membuat saya tidak dapat berkomunikasi dengan baik,Negative,0
assalamualaikum,Positive,2
terima kasih,Positive,2
kualitas sudah baik,Positive,2
sangat buruk harus ke pantai dulu baru bisa internetan itupun di pantai masih sering gangguan,Negative,0
assalamualaikum warahmatullahi wabarakatuh,Positive,2
pendapat saya tentang kualitas jaringan yang ada didaerah saya agar dapat ditingkatkan lagi kualitasnya dikarenakan kami sering terkendala dijaringan untuk mengirimkan data ke pusat atau ke ibu kota kabupaten dan sekitarnya,Neutral,1
jaringan aman ya ibu,Positive,2
jaringan belum merata bahkan dalam kota salakan ada daerah atau lokasi yang belum bisa maksimal masuk signal,Neutral,1
tunggu,Negative,0
untuk jaringan internet di banggai kepulauan umumnya dan di desa bobu khususnya alhamdulilah sudah baik tetapi biasanya jaringan internet hilang total,Neutral,1
cek,Positive,2
assalamualaikum,Positive,2
jaringan internet hilang berhari sering juga jaringan lambat,Negative,0
aman,Negative,0
selamat pagi minta tolong jaringan capil timbul tenggelam,Neutral,1
sama bappeda juga te bisa akses sipd,Neutral,1
disini kalau siang hari tidak ada jaringan internet dan itu sangat mengganggu aktivitas penting yang berhubungan dengan internet saya berharap cepat segera di tangani,Negative,0
jaringannya lambat banget saja tiap main ml ngeleg banget ini dari pemerintah daerah pemerintah provinsi tidak pernah perhatikan jaringan di liang bajo semoga kedepannya dari pemrov dan pemkab bisa lebih memperhatikan kita di kabupaten banggai kep,Negative,0
kualitas sinyal area tempat tinggal saya sangat minim bahkan sering hilang padahal letaknya kurang dari meter sebagian besar area di desa tidak terjangkau jaringan yang memadai,Negative,0
as wal permisi mohon jaringan internet bagian organisasi dimaksimalkan karena kami lagi pengisian data mcp kosupgah kpk terima kasih,Neutral,1
selamat pagi capil tidak ada koneksi internet,Neutral,1
tolong diperbaiki kualitas jaringan internetnya,Neutral,1
cek lagi pak,Neutral,1
cek,Positive,2
cek lagi,Neutral,1
perbaiki kualitas jaringan,Positive,2
sangat tidak bagus,Negative,0
kualitas sudah baik,Positive,2
kualitas jaringan di desa akan kecamatan tinangkung sangatlah burukk padahal terdapat tower induk di daerah tersebut namun jaringanya sangatlah burukk lambatt lambat,Negative,0
cek and ricek,Neutral,1
aman,Negative,0
selamat pagi,Neutral,1
coba cek om,Neutral,1
koneksi internet hanya bisa lancar di pagi hari selebihnya lambat,Negative,0
lebih di perhatikan lagi tentang jaringan yang ada di daerah banggai kepulauan terutama yang bertugas untuk menjaga tower agar lebih giat dalam upaya hilangnya jaringam saat lampu padam,Neutral,1
biasanya jaringan lambat dan hilang,Negative,0
cek,Positive,2
assalamulaikum jaringan full pulang pergi lambat,Negative,0
assalamualaikum,Positive,2
aman,Negative,0
untung nama ada tower tetapi tidak bisa digunakan,Negative,0
jaringan sangat lambat,Negative,0
meminta tolong jaringan internet di inspektorat tidak terkoneksi dengan baik,Neutral,1
kualitas jaringan kurang cepat,Negative,0
